{
  "n_claims": 28,
  "n_recall_scored": 13,
  "mean_recall_at_k": 0.6666666666666666,
  "mean_precision": 0.358974358974359,
  "verdict_accuracy": 0.6071428571428571
}